Date,Total,Desktop site,Mobile site,Zero site
2008-01-01,1001464,1001464,,
2008-01-02,993781,993781,,
2008-01-03,996768,996768,,
2008-01-04,941497,941497,,
2008-01-05,1119087,1119087,,
2008-01-06,1023184,1023184,,
2008-01-07,1031794,1031794,,
2008-01-08,1040053,1040053,,
2008-01-09,991767,991767,,
2008-01-10,963417,963417,,
2008-01-11,935348,935348,,
2008-01-12,1204934,1204934,,
2008-01-13,1038956,1038956,,
2008-01-14,1018417,1018417,,
2008-01-15,1179904,1179904,,
2008-01-16,1079314,1079314,,
2008-01-17,984526,984526,,
2008-01-18,1036757,1036757,,
2008-01-19,1218236,1218236,,
2008-01-20,1102249,1102249,,
2008-01-21,1148409,1148409,,
2008-01-22,1147025,1147025,,
2008-01-23,1120395,1120395,,
2008-01-24,1035882,1035882,,
2008-01-25,1040105,1040105,,
2008-01-26,1330391,1330391,,
2008-01-27,1115662,1115662,,
2008-01-28,1177712,1177712,,
2008-01-29,1152979,1152979,,
2008-01-30,1272138,1272138,,
2008-01-31,1146561,1146561,,
2008-02-01,1011023,1011023,,
2008-02-02,1031570,1031570,,
2008-02-03,1078823,1078823,,
2008-02-04,1091400,1091400,,
2008-02-05,1088608,1088608,,
2008-02-06,958362,958362,,
2008-02-07,953461,953461,,
2008-02-08,911743,911743,,
2008-02-09,1085790,1085790,,
2008-02-10,1111408,1111408,,
2008-02-11,1021879,1021879,,
2008-02-12,1088584,1088584,,
2008-02-13,1061779,1061779,,
2008-02-14,1018760,1018760,,
2008-02-15,878434,878434,,
2008-02-16,1058124,1058124,,
2008-02-17,1076956,1076956,,
2008-02-18,1103013,1103013,,
2008-02-19,1088720,1088720,,
2008-02-20,1055742,1055742,,
2008-02-21,1041789,1041789,,
2008-02-22,968679,968679,,
2008-02-23,1079946,1079946,,
2008-02-24,1122720,1122720,,
2008-02-25,1151170,1151170,,
2008-02-26,1138478,1138478,,
2008-02-27,1168066,1168066,,
2008-02-28,1017696,1017696,,
2008-02-29,906041,906041,,
2008-03-01,1070183,1070183,,
2008-03-02,1112179,1112179,,
2008-03-05,1033521,1033521,,
2008-03-06,962924,962924,,
2008-03-07,842647,842647,,
2008-03-08,967638,967638,,
2008-03-09,1064465,1064465,,
2008-03-10,1064108,1064108,,
2008-03-11,1040501,1040501,,
2008-03-12,1057158,1057158,,
2008-03-13,972850,972850,,
2008-03-14,942921,942921,,
2008-03-15,1174586,1174586,,
2008-03-16,1008129,1008129,,
2008-03-17,1022796,1022796,,
2008-03-18,988581,988581,,
2008-03-19,878047,878047,,
2008-03-20,849368,849368,,
2008-03-21,758963,758963,,
2008-03-22,925459,925459,,
2008-03-23,969534,969534,,
2008-03-24,1051845,1051845,,
2008-03-25,1099620,1099620,,
2008-03-26,1088009,1088009,,
2008-03-27,981639,981639,,
2008-03-28,870009,870009,,
2008-03-29,1047082,1047082,,
2008-03-30,1052722,1052722,,
2008-03-31,1053856,1053856,,
2008-04-01,1045953,1045953,,
2008-04-02,1128939,1128939,,
2008-04-03,1081586,1081586,,
2008-04-04,962610,962610,,
2008-04-05,1076557,1076557,,
2008-04-06,1023102,1023102,,
2008-04-07,1170615,1170615,,
2008-04-08,1084327,1084327,,
2008-04-09,1049568,1049568,,
2008-04-10,899856,899856,,
2008-04-11,987200,987200,,
2008-04-12,1011403,1011403,,
2008-04-13,991452,991452,,
2008-04-14,959990,959990,,
2008-04-15,1042468,1042468,,
2008-04-16,952946,952946,,
2008-04-17,840835,840835,,
2008-04-18,830059,830059,,
2008-04-19,760896,760896,,
2008-04-20,911379,911379,,
2008-04-21,1066348,1066348,,
2008-04-22,981608,981608,,
2008-04-23,1011889,1011889,,
2008-04-24,1035735,1035735,,
2008-04-25,1100821,1100821,,
2008-04-26,1258413,1258413,,
2008-04-27,1343970,1343970,,
2008-04-28,1263167,1263167,,
2008-04-29,1241546,1241546,,
2008-04-30,1237894,1237894,,
2008-05-01,1235784,1235784,,
2008-05-02,982598,982598,,
2008-05-03,1136912,1136912,,
2008-05-04,1138067,1138067,,
2008-05-05,1139277,1139277,,
2008-05-06,1146730,1146730,,
2008-05-07,1009438,1009438,,
2008-05-08,968757,968757,,
2008-05-09,960400,960400,,
2008-05-10,1103537,1103537,,
2008-05-11,1128237,1128237,,
2008-05-12,1127071,1127071,,
2008-05-13,1098934,1098934,,
2008-05-14,1089003,1089003,,
2008-05-15,1063046,1063046,,
2008-05-16,1040050,1040050,,
2008-05-17,1183225,1183225,,
2008-05-18,1126845,1126845,,
2008-05-19,1132179,1132179,,
2008-05-20,1187871,1187871,,
2008-05-21,1163500,1163500,,
2008-05-22,952484,952484,,
2008-05-23,1048811,1048811,,
2008-05-24,1255001,1255001,,
2008-05-25,1264887,1264887,,
2008-05-26,1226442,1226442,,
2008-05-27,1223885,1223885,,
2008-05-28,1198312,1198312,,
2008-05-29,1141075,1141075,,
2008-05-30,1047625,1047625,,
2008-05-31,1246149,1246149,,
2008-06-01,1235221,1235221,,
2008-06-02,1225518,1225518,,
2008-06-03,1156326,1156326,,
2008-06-04,1095009,1095009,,
2008-06-05,1081517,1081517,,
2008-06-06,1168780,1168780,,
2008-06-07,1167436,1167436,,
2008-06-08,1110013,1110013,,
2008-06-09,1132340,1132340,,
2008-06-10,1292638,1292638,,
2008-06-11,1197024,1197024,,
2008-06-12,1167950,1167950,,
2008-06-13,1156411,1156411,,
2008-06-14,1289864,1289864,,
2008-06-15,1272946,1272946,,
2008-06-16,1203149,1203149,,
2008-06-17,1117327,1117327,,
2008-06-18,1109193,1109193,,
2008-06-19,1045012,1045012,,
2008-06-20,1180928,1180928,,
2008-06-21,1259645,1259645,,
2008-06-22,1220799,1220799,,
2008-06-23,1159054,1159054,,
2008-06-24,1161810,1161810,,
2008-06-25,1183170,1183170,,
2008-06-26,1057712,1057712,,
2008-06-27,1081734,1081734,,
2008-06-28,1169130,1169130,,
2008-06-29,1287010,1287010,,
2008-06-30,1187867,1187867,,
2008-07-01,1236858,1236858,,
2008-07-02,1127032,1127032,,
2008-07-03,1072928,1072928,,
2008-07-04,1099588,1099588,,
2008-07-05,1117780,1117780,,
2008-07-06,1082387,1082387,,
2008-07-07,1129844,1129844,,
2008-07-08,1290063,1290063,,
2008-07-09,964430,964430,,
2008-07-10,866293,866293,,
2008-07-11,888753,888753,,
2008-07-12,932818,932818,,
2008-07-13,987698,987698,,
2008-07-14,971084,971084,,
2008-07-15,886351,886351,,
2008-07-16,915035,915035,,
2008-07-17,902751,902751,,
2008-07-18,874260,874260,,
2008-07-19,900536,900536,,
2008-07-20,993445,993445,,
2008-07-21,902404,902404,,
2008-07-22,860193,860193,,
2008-07-23,898381,898381,,
2008-07-24,891900,891900,,
2008-07-25,842911,842911,,
2008-07-26,918176,918176,,
2008-07-27,952836,952836,,
2008-07-28,984465,984465,,
2008-07-29,965173,965173,,
2008-07-30,889254,889254,,
2008-07-31,874818,874818,,
2008-08-01,868599,868599,,
2008-08-02,972896,972896,,
2008-08-03,959229,959229,,
2008-08-04,930670,930670,,
2008-08-05,1103386,1103386,,
2008-08-06,973490,973490,,
2008-08-07,972733,972733,,
2008-08-08,946047,946047,,
2008-08-09,1088154,1088154,,
2008-08-10,1175513,1175513,,
2008-08-11,978779,978779,,
2008-08-12,976998,976998,,
2008-08-13,923835,923835,,
2008-08-14,923105,923105,,
2008-08-15,847391,847391,,
2008-08-16,957069,957069,,
2008-08-17,999241,999241,,
2008-08-18,957789,957789,,
2008-08-19,902777,902777,,
2008-08-20,908476,908476,,
2008-08-21,922179,922179,,
2008-08-22,921852,921852,,
2008-08-23,895150,895150,,
2008-08-24,944414,944414,,
2008-08-25,934568,934568,,
2008-08-26,922083,922083,,
2008-08-27,917210,917210,,
2008-08-28,957599,957599,,
2008-08-29,1013303,1013303,,
2008-08-30,994241,994241,,
2008-08-31,932060,932060,,
2008-09-01,862929,862929,,
2008-09-02,972621,972621,,
2008-09-03,952528,952528,,
2008-09-04,978841,978841,,
2008-09-05,914938,914938,,
2008-09-06,1094678,1094678,,
2008-09-07,997215,997215,,
2008-09-08,1037436,1037436,,
2008-09-09,1061206,1061206,,
2008-09-10,939841,939841,,
2008-09-11,952499,952499,,
2008-09-12,960772,960772,,
2008-09-13,1197967,1197967,,
2008-09-14,1106493,1106493,,
2008-09-15,1049742,1049742,,
2008-09-16,1059370,1059370,,
2008-09-17,1275232,1275232,,
2008-09-18,967189,967189,,
2008-09-19,1016679,1016679,,
2008-09-20,1241712,1241712,,
2008-09-21,1151486,1151486,,
2008-09-22,1073838,1073838,,
2008-09-23,1054499,1054499,,
2008-09-24,995644,995644,,
2008-09-25,1028336,1028336,,
2008-09-26,969991,969991,,
2008-09-27,1133599,1133599,,
2008-09-28,935549,935549,,
2008-09-29,768437,768437,,
2008-10-01,1094291,1094291,,
2008-10-02,1103815,1103815,,
2008-10-03,962734,962734,,
2008-10-04,1119530,1119530,,
2008-10-05,1081324,1081324,,
2008-10-06,1118172,1118172,,
2008-10-07,1070613,1070613,,
2008-10-08,939108,939108,,
2008-10-09,966546,966546,,
2008-10-10,1067255,1067255,,
2008-10-11,1231737,1231737,,
2008-10-12,1031344,1031344,,
2008-10-13,945509,945509,,
2008-10-14,1063678,1063678,,
2008-10-15,1173361,1173361,,
2008-10-16,1070665,1070665,,
2008-10-17,1001670,1001670,,
2008-10-18,1009487,1009487,,
2008-10-19,1094253,1094253,,
2008-10-20,995474,995474,,
2008-10-23,1046868,1046868,,
2008-10-24,1096714,1096714,,
2008-10-25,1213808,1213808,,
2008-10-26,1057640,1057640,,
2008-10-27,1008585,1008585,,
2008-10-28,1004621,1004621,,
2008-10-29,1024761,1024761,,
2008-10-30,1015137,1015137,,
2008-10-31,925605,925605,,
2008-11-01,1167504,1167504,,
2008-11-02,1175348,1175348,,
2008-11-03,1139881,1139881,,
2008-11-04,1115171,1115171,,
2008-11-05,1023735,1023735,,
2008-11-06,1011055,1011055,,
2008-11-07,979129,979129,,
2008-11-08,1260690,1260690,,
2008-11-09,1216622,1216622,,
2008-11-10,1081699,1081699,,
2008-11-11,1089120,1089120,,
2008-11-12,1147562,1147562,,
2008-11-13,1087577,1087577,,
2008-11-14,965091,965091,,
2008-11-15,1244091,1244091,,
2008-11-16,1151662,1151662,,
2008-11-17,1035080,1035080,,
2008-11-18,1009548,1009548,,
2008-11-19,1026668,1026668,,
2008-11-20,991215,991215,,
2008-11-21,1065935,1065935,,
2008-11-22,1249999,1249999,,
2008-11-23,1134319,1134319,,
2008-11-24,1034791,1034791,,
2008-11-25,1048885,1048885,,
2008-11-26,1122135,1122135,,
2008-11-27,1009304,1009304,,
2008-11-28,912921,912921,,
2008-11-29,1153706,1153706,,
2008-11-30,1064546,1064546,,
2008-12-01,1057713,1057713,,
2008-12-02,1040209,1040209,,
2008-12-03,1062393,1062393,,
2008-12-04,1004985,1004985,,
2008-12-05,957089,957089,,
2008-12-06,1224894,1224894,,
2008-12-07,1123026,1123026,,
2008-12-08,1139049,1139049,,
2008-12-09,1138834,1138834,,
2008-12-10,1066927,1066927,,
2008-12-11,962299,962299,,
2008-12-12,881185,881185,,
2008-12-13,1104043,1104043,,
2008-12-14,1097292,1097292,,
2008-12-15,1053004,1053004,,
2008-12-16,1003523,1003523,,
2008-12-17,1098261,1098261,,
2008-12-18,1065889,1065889,,
2008-12-19,910560,910560,,
2008-12-20,1285309,1285309,,
2008-12-21,1113429,1113429,,
2008-12-22,1046136,1046136,,
2008-12-23,1008884,1008884,,
2008-12-24,1088060,1088060,,
2008-12-25,1067039,1067039,,
2008-12-26,999063,999063,,
2008-12-27,1126980,1126980,,
2008-12-28,1164236,1164236,,
2008-12-29,1196540,1196540,,
2008-12-30,1093858,1093858,,
2008-12-31,1102710,1102710,,
2009-01-01,1090270,1090270,,
2009-01-02,982187,982187,,
2009-01-03,1267983,1267983,,
2009-01-04,1123934,1123934,,
2009-01-05,1130696,1130696,,
2009-01-06,1144367,1144367,,
2009-01-07,1060665,1060665,,
2009-01-08,1030816,1030816,,
2009-01-09,921548,921548,,
2009-01-10,1108531,1108531,,
2009-01-11,1131164,1131164,,
2009-01-12,1103562,1103562,,
2009-01-13,1203205,1203205,,
2009-01-14,1206234,1206234,,
2009-01-15,1178745,1178745,,
2009-01-16,990503,990503,,
2009-01-17,1187407,1187407,,
2009-01-18,1216284,1216284,,
2009-01-19,1178756,1178756,,
2009-01-20,1135357,1135357,,
2009-01-21,1153863,1153863,,
2009-01-22,1126356,1126356,,
2009-01-23,1107644,1107644,,
2009-01-24,1315641,1315641,,
2009-01-25,1294680,1294680,,
2009-01-26,1253830,1253830,,
2009-01-27,1164786,1164786,,
2009-01-28,1252949,1252949,,
2009-01-29,1189548,1189548,,
2009-01-30,1056928,1056928,,
2009-01-31,1268741,1268741,,
2009-02-01,1365527,1365527,,
2009-02-02,1174587,1174587,,
2009-02-03,1145004,1145004,,
2009-02-04,1121001,1121001,,
2009-02-05,1035773,1035773,,
2009-02-06,1007163,1007163,,
2009-02-07,1210593,1210593,,
2009-02-08,1185783,1185783,,
2009-02-09,1119476,1119476,,
2009-02-10,1258595,1258595,,
2009-02-11,1141926,1141926,,
2009-02-12,1009293,1009293,,
2009-02-13,949475,949475,,
2009-02-14,1109730,1109730,,
2009-02-15,1180273,1180273,,
2009-02-16,1187713,1187713,,
2009-02-17,1140538,1140538,,
2009-02-18,1079648,1079648,,
2009-02-19,1112259,1112259,,
2009-02-20,1025473,1025473,,
2009-02-21,1232931,1232931,,
2009-02-22,1164545,1164545,,
2009-02-23,1157819,1157819,,
2009-02-24,1143513,1143513,,
2009-02-25,1086689,1086689,,
2009-02-26,1001539,1001539,,
2009-02-27,1061232,1061232,,
2009-02-28,1240316,1240316,,
2009-03-01,1124835,1124835,,
2009-03-02,1108311,1108311,,
2009-03-03,1063643,1063643,,
2009-03-04,1006064,1006064,,
2009-03-05,962884,962884,,
2009-03-06,906986,906986,,
2009-03-07,1008105,1008105,,
2009-03-08,953294,953294,,
2009-03-09,1038483,1038483,,
2009-03-10,981040,981040,,
2009-03-11,1078984,1078984,,
2009-03-12,1045915,1045915,,
2009-03-13,983220,983220,,
2009-03-14,1242036,1242036,,
2009-03-15,1159409,1159409,,
2009-03-16,1123028,1123028,,
2009-03-17,1104274,1104274,,
2009-03-18,1110701,1110701,,
2009-03-19,1044692,1044692,,
2009-03-20,996188,996188,,
2009-03-21,1192713,1192713,,
2009-03-22,1163211,1163211,,
2009-03-23,1175096,1175096,,
2009-03-24,1129945,1129945,,
2009-03-25,1025005,1025005,,
2009-03-26,982078,982078,,
2009-03-27,910238,910238,,
2009-03-28,1065093,1065093,,
2009-03-29,1027577,1027577,,
2009-03-30,962440,962440,,
2009-03-31,950421,950421,,
2009-04-01,945811,945811,,
2009-04-02,907358,907358,,
2009-04-03,842482,842482,,
2009-04-04,929572,929572,,
2009-04-05,936118,936118,,
2009-04-06,933897,933897,,
2009-04-07,904153,904153,,
2009-04-08,772910,772910,,
2009-04-09,861994,861994,,
2009-04-10,893793,893793,,
2009-04-11,957355,957355,,
2009-04-12,980954,980954,,
2009-04-13,1000314,1000314,,
2009-04-14,1012631,1012631,,
2009-04-15,1055788,1055788,,
2009-04-16,1303850,1303850,,
2009-04-17,1152240,1152240,,
2009-04-18,1135749,1135749,,
2009-04-19,1108484,1108484,,
2009-04-20,1173650,1173650,,
2009-04-21,1226887,1226887,,
2009-04-22,1088557,1088557,,
2009-04-23,950383,950383,,
2009-04-24,917213,917213,,
2009-04-25,1080340,1080340,,
2009-04-26,1085216,1085216,,
2009-04-27,1093376,1093376,,
2009-04-28,972136,972136,,
2009-04-29,913279,913279,,
2009-04-30,1046548,1046548,,
2009-05-01,955604,955604,,
2009-05-02,1066231,1066231,,
2009-05-03,1016419,1016419,,
2009-05-04,1014447,1014447,,
2009-05-05,1004842,1004842,,
2009-05-06,988260,988260,,
2009-05-07,971670,971670,,
2009-05-08,907447,907447,,
2009-05-09,1088327,1088327,,
2009-05-10,1017509,1017509,,
2009-05-11,874283,874283,,
2009-05-12,1029501,1029501,,
2009-05-13,1010430,1010430,,
2009-05-14,968166,968166,,
2009-05-15,902260,902260,,
2009-05-16,1087153,1087153,,
2009-05-17,1107246,1107246,,
2009-05-18,1047252,1047252,,
2009-05-19,1047877,1047877,,
2009-05-20,1056825,1056825,,
2009-05-21,967309,967309,,
2009-05-22,999617,999617,,
2009-05-23,1009484,1009484,,
2009-05-24,1058947,1058947,,
2009-05-25,1036284,1036284,,
2009-05-26,1017151,1017151,,
2009-05-27,926083,926083,,
2009-05-28,867207,867207,,
2009-05-29,895295,895295,,
2009-05-30,1057591,1057591,,
2009-05-31,1167617,1167617,,
2009-06-01,1118702,1118702,,
2009-06-02,1074535,1074535,,
2009-06-03,1045193,1045193,,
2009-06-04,915638,915638,,
2009-06-05,917703,917703,,
2009-06-06,1069090,1069090,,
2009-06-07,1055817,1055817,,
2009-06-08,1042605,1042605,,
2009-06-09,998385,998385,,
2009-06-10,994851,994851,,
2009-06-11,975807,975807,,
2009-06-12,955461,955461,,
2009-06-13,1104864,1104864,,
2009-06-14,1105428,1105428,,
2009-06-15,1016395,1016395,,
2009-06-16,1070234,1070234,,
2009-06-17,1033868,1033868,,
2009-06-18,950902,950902,,
2009-06-19,910162,910162,,
2009-06-20,1028463,1028463,,
2009-06-21,1054053,1054053,,
2009-06-22,990323,990323,,
2009-06-23,982805,982805,,
2009-06-24,984933,984933,,
2009-06-25,970594,970594,,
2009-06-26,988929,988929,,
2009-06-27,1007558,1007558,,
2009-06-28,1055795,1055795,,
2009-06-29,999491,999491,,
2009-06-30,949543,949543,,
2009-07-01,991504,991504,,
2009-07-02,928428,928428,,
2009-07-03,926050,926050,,
2009-07-04,1030348,1030348,,
2009-07-05,1036175,1036175,,
2009-07-06,1011591,1011591,,
2009-07-07,965035,965035,,
2009-07-08,979751,979751,,
2009-07-09,1043386,1043386,,
2009-07-10,951525,951525,,
2009-07-11,1005633,1005633,,
2009-07-12,1067938,1067938,,
2009-07-13,998829,998829,,
2009-07-14,1035259,1035259,,
2009-07-15,1011110,1011110,,
2009-07-16,978984,978984,,
2009-07-17,965808,965808,,
2009-07-18,1016071,1016071,,
2009-07-19,1092317,1092317,,
2009-07-20,1046390,1046390,,
2009-07-21,1037139,1037139,,
2009-07-22,1050041,1050041,,
2009-07-23,1019912,1019912,,
2009-07-24,971423,971423,,
2009-07-25,1041252,1041252,,
2009-07-26,1072783,1072783,,
2009-07-27,1035715,1035715,,
2009-07-28,1014558,1014558,,
2009-07-29,1092335,1092335,,
2009-07-30,1120468,1120468,,
2009-07-31,920966,920966,,
2009-08-01,1024001,1024001,,
2009-08-02,1044318,1044318,,
2009-08-03,963682,963682,,
2009-08-04,1015540,1015540,,
2009-08-05,1004084,1004084,,
2009-08-06,947996,947996,,
2009-08-07,966782,966782,,
2009-08-08,987612,987612,,
2009-08-09,1020013,1020013,,
2009-08-10,994060,994060,,
2009-08-11,978046,978046,,
2009-08-12,953656,953656,,
2009-08-13,983321,983321,,
2009-08-14,996785,996785,,
2009-08-15,977978,977978,,
2009-08-16,1084525,1084525,,
2009-08-17,1065108,1065108,,
2009-08-18,1041385,1041385,,
2009-08-19,967768,967768,,
2009-08-20,986905,986905,,
2009-08-21,987486,987486,,
2009-08-22,1022290,1022290,,
2009-08-23,1052300,1052300,,
2009-08-24,966769,966769,,
2009-08-25,988104,988104,,
2009-08-26,970245,970245,,
2009-08-27,947420,947420,,
2009-08-28,850057,850057,,
2009-08-29,973635,973635,,
2009-08-30,1009771,1009771,,
2009-08-31,967826,967826,,
2009-09-01,956688,956688,,
2009-09-02,994323,994323,,
2009-09-03,1010297,1010297,,
2009-09-04,974465,974465,,
2009-09-05,1087233,1087233,,
2009-09-06,1070600,1070600,,
2009-09-07,1073215,1073215,,
2009-09-08,1057708,1057708,,
2009-09-09,1046730,1046730,,
2009-09-10,1022429,1022429,,
2009-09-11,981688,981688,,
2009-09-12,1091144,1091144,,
2009-09-13,1045491,1045491,,
2009-09-14,1030208,1030208,,
2009-09-15,993011,993011,,
2009-09-16,969882,969882,,
2009-09-17,878474,878474,,
2009-09-18,815028,815028,,
2009-09-19,952281,952281,,
2009-09-20,1043896,1043896,,
2009-09-21,1152724,1152724,,
2009-09-22,1072824,1072824,,
2009-09-23,1077513,1077513,,
2009-09-24,965770,965770,,
2009-09-25,1004407,1004407,,
2009-09-26,1146674,1146674,,
2009-09-27,1015512,1015512,,
2009-09-28,1053559,1053559,,
2009-09-29,1127590,1127590,,
2009-09-30,1213092,1213092,,
2009-10-01,1008238,1008238,,
2009-10-02,1083021,1083021,,
2009-10-03,1133658,1133658,,
2009-10-04,1200431,1200431,,
2009-10-05,1090649,1090649,,
2009-10-06,1069584,1069584,,
2009-10-07,1153004,1153004,,
2009-10-08,1156995,1156995,,
2009-10-09,1121286,1121286,,
2009-10-10,1161312,1161312,,
2009-10-11,1372693,1372693,,
2009-10-12,1126526,1126526,,
2009-10-13,1215935,1215935,,
2009-10-17,1207937,1207937,,
2009-10-18,992530,992530,,
2009-10-19,1095960,1095960,,
2009-10-20,1059004,1059004,,
2009-10-21,1170252,1170252,,
2009-10-22,1130661,1130661,,
2009-10-23,1054513,1054513,,
2009-10-24,1255704,1255704,,
2009-10-25,1249296,1249296,,
2009-10-26,1188663,1188663,,
2009-10-27,1192564,1192564,,
2009-10-28,1222776,1222776,,
2009-10-29,1118159,1118159,,
2009-10-30,1150129,1150129,,
2009-10-31,1315987,1315987,,
2009-11-01,1034112,1034112,,
2009-11-02,1037795,1037795,,
2009-11-03,1204205,1204205,,
2009-11-04,1181321,1181321,,
2009-11-05,1218601,1218601,,
2009-11-06,1291345,1291345,,
2009-11-07,1428686,1428686,,
2009-11-08,1205299,1205299,,
2009-11-09,1252658,1252658,,
2009-11-10,1242244,1242244,,
2009-11-11,1162290,1162290,,
2009-11-12,1160578,1160578,,
2009-11-13,1115192,1115192,,
2009-11-14,1263454,1263454,,
2009-11-15,1191559,1191559,,
2009-11-16,1163640,1163640,,
2009-11-17,915546,915546,,
2010-07-27,1068741,1068741,,
2010-07-28,1169114,1169114,,
2010-07-29,1042214,1042214,,
2010-07-30,972338,972338,,
2010-07-31,1025933,1025933,,
2010-08-01,1039745,1039745,,
2010-08-02,1027121,1027121,,
2010-08-03,1045664,1045664,,
2010-08-04,1028499,1028499,,
2010-08-05,1032325,1032325,,
2010-08-06,979233,979233,,
2010-08-07,1050632,1050632,,
2010-08-08,1074187,1074187,,
2010-08-09,1068314,1068314,,
2010-08-10,997628,997628,,
2010-08-11,992019,992019,,
2010-08-12,1001565,1001565,,
2010-08-13,955837,955837,,
2010-08-14,996575,996575,,
2010-08-15,1033166,1033166,,
2010-08-16,998219,998219,,
2010-08-17,984056,984056,,
2010-08-18,993441,993441,,
2010-08-19,996168,996168,,
2010-08-20,965103,965103,,
2010-08-21,1045750,1045750,,
2010-08-22,1116626,1116626,,
2010-08-23,1072285,1072285,,
2010-08-24,1056025,1056025,,
2010-08-25,1091226,1091226,,
2010-08-26,1027940,1027940,,
2010-08-27,978936,978936,,
2010-08-28,1082477,1082477,,
2010-08-29,1063828,1063828,,
2010-08-30,1073137,1073137,,
2010-08-31,1003092,1003092,,
2010-09-01,997566,997566,,
2010-09-02,1043257,1043257,,
2010-09-03,1086200,1086200,,
2010-09-04,1230626,1230626,,
2010-09-05,1206386,1206386,,
2010-09-06,1203691,1203691,,
2010-09-07,1078946,1078946,,
2010-09-08,982625,982625,,
2010-09-09,1026951,1026951,,
2010-09-10,1090583,1090583,,
2010-09-11,1261230,1261230,,
2010-09-12,1342301,1342301,,
2010-09-13,1188285,1188285,,
2010-09-14,1158204,1158204,,
2010-09-15,1184642,1184642,,
2010-09-16,1038142,1038142,,
2010-09-17,1002694,1002694,,
2010-09-18,1104404,1104404,,
2010-09-19,1248942,1248942,,
2010-09-20,1159131,1159131,,
2010-09-21,1032041,1032041,,
2010-09-22,1004163,1004163,,
2010-09-23,1063955,1063955,,
2010-09-24,1042209,1042209,,
2010-09-25,1096837,1096837,,
2010-09-26,1103535,1103535,,
2010-09-27,1122245,1122245,,
2010-09-28,1097316,1097316,,
2010-09-29,1048215,1048215,,
2010-09-30,1152161,1152161,,
2010-10-01,1103906,1103906,,
2010-10-02,1253304,1253304,,
2010-10-03,1192165,1192165,,
2010-10-04,1198890,1198890,,
2010-10-05,1192455,1192455,,
2010-10-06,1166259,1166259,,
2010-10-07,1115418,1115418,,
2010-10-08,1118257,1118257,,
2010-10-09,1272370,1272370,,
2010-10-10,1132159,1132159,,
2010-10-11,1147778,1147778,,
2010-10-12,1159070,1159070,,
2010-10-13,1196044,1196044,,
2010-10-14,1119154,1119154,,
2010-10-15,1132061,1132061,,
2010-10-16,1282763,1282763,,
2010-10-17,1233426,1233426,,
2010-10-18,1242245,1242245,,
2010-10-19,1278864,1278864,,
2010-10-20,1319362,1319362,,
2010-10-21,1196891,1196891,,
2010-10-22,1192924,1192924,,
2010-10-23,1291100,1291100,,
2010-10-24,1245551,1245551,,
2010-10-25,1264296,1264296,,
2010-10-26,1210347,1210347,,
2010-10-27,1293954,1293954,,
2010-10-28,1163987,1163987,,
2010-10-29,1245512,1245512,,
2010-10-30,1351177,1351177,,
2010-10-31,1209344,1209344,,
2010-11-01,1242110,1242110,,
2010-11-02,1208958,1208958,,
2010-11-03,1321309,1321309,,
2010-11-04,1143197,1143197,,
2010-11-05,1264296,1264296,,
2010-11-06,1315810,1315810,,
2010-11-07,1244468,1244468,,
2010-11-08,1291647,1291647,,
2010-11-09,1233509,1233509,,
2010-11-10,1255515,1255515,,
2010-11-11,1174128,1174128,,
2010-11-12,1220374,1220374,,
2010-11-13,1452166,1452166,,
2010-11-14,1270765,1270765,,
2010-11-15,1200658,1200658,,
2010-11-16,1196702,1196702,,
2010-11-17,1211211,1211211,,
2010-11-18,1144962,1144962,,
2010-11-19,1044258,1044258,,
2010-11-20,1296246,1296246,,
2010-11-21,1260748,1260748,,
2010-11-22,1221895,1221895,,
2010-11-23,1235361,1235361,,
2010-11-24,1227209,1227209,,
2010-11-25,1205863,1205863,,
2010-11-26,1072442,1072442,,
2010-11-27,1296971,1296971,,
2010-11-28,1238235,1238235,,
2010-11-29,1243703,1243703,,
2010-11-30,1199143,1199143,,
2010-12-01,1124914,1124914,,
2010-12-02,1016842,1016842,,
2010-12-03,988810,988810,,
2010-12-04,1172901,1172901,,
2010-12-05,1226647,1226647,,
2010-12-06,1254356,1254356,,
2010-12-07,1208692,1208692,,
2010-12-08,1198200,1198200,,
2010-12-09,1250834,1250834,,
2010-12-10,1070957,1070957,,
2010-12-11,1426601,1426601,,
2010-12-12,1246421,1246421,,
2010-12-13,1266560,1266560,,
2010-12-14,1225680,1225680,,
2010-12-15,1175957,1175957,,
2010-12-16,1191937,1191937,,
2010-12-17,1086573,1086573,,
2010-12-18,1411645,1411645,,
2010-12-19,1404034,1404034,,
2010-12-20,1341494,1341494,,
2010-12-21,1313004,1313004,,
2010-12-22,1233392,1233392,,
2010-12-23,1254558,1254558,,
2010-12-24,1109153,1109153,,
2010-12-25,1340817,1340817,,
2010-12-26,1281994,1281994,,
2010-12-27,1335038,1335038,,
2010-12-28,1308913,1308913,,
2010-12-29,1339588,1339588,,
2010-12-30,1316861,1316861,,
2010-12-31,1102484,1102484,,
2011-01-01,1325665,1325665,,
2011-01-02,1395683,1395683,,
2011-01-03,1384947,1384947,,
2011-01-05,1254653,1254653,,
2011-01-06,1223260,1223260,,
2011-01-07,1102138,1102138,,
2011-01-08,1414716,1414716,,
2011-01-09,1384534,1384534,,
2011-01-10,1331692,1331692,,
2011-01-11,1438282,1438282,,
2011-01-12,1380711,1380711,,
2011-01-13,1260083,1260083,,
2011-01-14,1138856,1138856,,
2011-01-15,1387433,1387433,,
2011-01-16,1495656,1495656,,
2011-01-17,1473148,1473148,,
2011-01-18,1350104,1350104,,
2011-01-19,1342560,1342560,,
2011-01-20,1300836,1300836,,
2011-01-21,1155671,1155671,,
2011-01-22,1420704,1420704,,
2011-01-23,1440079,1440079,,
2011-01-24,1369165,1369165,,
2011-01-25,1390713,1390713,,
2011-01-26,1564038,1564038,,
2011-01-27,1314543,1314543,,
2011-01-28,1206848,1206848,,
2011-01-29,1491369,1491369,,
2011-01-30,1642611,1642611,,
2011-01-31,1462527,1462527,,
2011-02-01,1386562,1386562,,
2011-02-02,1316701,1316701,,
2011-02-03,1267936,1267936,,
2011-02-04,1221841,1221841,,
2011-02-05,1425524,1425524,,
2011-02-06,1331933,1331933,,
2011-02-07,1452641,1452641,,
2011-02-08,1527500,1527500,,
2011-02-09,1384155,1384155,,
2011-02-10,1255227,1255227,,
2011-02-11,1160765,1160765,,
2011-02-12,1302234,1302234,,
2011-02-13,1420017,1420017,,
2011-02-14,1380255,1380255,,
2011-02-15,1424013,1424013,,
2011-02-16,1455475,1455475,,
2011-02-17,1332408,1332408,,
2011-02-18,1206841,1206841,,
2011-02-19,1487075,1487075,,
2011-02-20,1457820,1457820,,
2011-02-21,1427087,1427087,,
2011-02-22,1305295,1305295,,
2011-02-23,1260893,1260893,,
2011-02-24,1201003,1201003,,
2011-02-25,1120944,1120944,,
2011-02-26,1374128,1374128,,
2011-02-27,1302811,1302811,,
2011-02-28,1322025,1322025,,
2011-03-01,1284503,1284503,,
2011-03-02,1291260,1291260,,
2011-03-03,1210517,1210517,,
2011-03-04,1103494,1103494,,
2011-03-05,1312619,1312619,,
2011-03-06,1325656,1325656,,
2011-03-07,1275355,1275355,,
2011-03-08,1272364,1272364,,
2011-03-09,1269858,1269858,,
2011-03-10,1220868,1220868,,
2011-03-11,1167407,1167407,,
2011-03-12,1384716,1384716,,
2011-03-13,1238074,1238074,,
2011-03-14,1225615,1225615,,
2011-03-15,1149610,1149610,,
2011-03-16,1132008,1132008,,
2011-03-17,1163559,1163559,,
2011-03-18,975832,975832,,
2011-03-19,1080812,1080812,,
2011-03-20,1135750,1135750,,
2011-03-21,1258798,1258798,,
2011-03-22,1243550,1243550,,
2011-03-23,1279755,1279755,,
2011-03-24,1386188,1386188,,
2011-03-25,1215203,1215203,,
2011-03-26,1366774,1366774,,
2011-03-27,1374449,1374449,,
2011-03-28,1294604,1294604,,
2011-03-29,1220518,1220518,,
2011-03-30,1233175,1233175,,
2011-03-31,1202831,1202831,,
2011-04-01,1077193,1077193,,
2011-04-02,1283841,1283841,,
2011-04-03,1243870,1243870,,
2011-04-04,1374649,1374649,,
2011-04-05,1274043,1274043,,
2011-04-06,1245277,1245277,,
2011-04-07,1142825,1142825,,
2011-04-08,1070828,1070828,,
2011-04-09,1149270,1149270,,
2011-04-10,1185257,1185257,,
2011-04-11,1216999,1216999,,
2011-04-12,1355857,1355857,,
2011-04-13,1155731,1155731,,
2011-04-14,1122467,1122467,,
2011-04-15,1091332,1091332,,
2011-04-16,1184371,1184371,,
2011-04-17,1224559,1224559,,
2011-04-18,1031116,1031116,,
2011-04-19,1179157,1179157,,
2011-04-20,1286786,1286786,,
2011-04-21,1360886,1360886,,
2011-04-22,1307346,1307346,,
2011-04-23,1351194,1351194,,
2011-04-24,1392538,1392538,,
2011-04-25,1398337,1398337,,
2011-04-26,1776408,1776408,,
2011-04-27,1365192,1365192,,
2011-04-28,1413395,1413395,,
2011-04-29,1412770,1412770,,
2011-04-30,1596126,1596126,,
2011-05-01,1687859,1687859,,
2011-05-02,1573424,1573424,,
2011-05-03,1344190,1344190,,
2011-05-04,1375979,1375979,,
2011-05-05,1319950,1319950,,
2011-05-06,1237723,1237723,,
2011-05-07,1463400,1463400,,
2011-05-08,1440401,1440401,,
2011-05-09,1417012,1417012,,
2011-05-10,1322941,1322941,,
2011-05-11,1470674,1470674,,
2011-05-12,1331577,1331577,,
2011-05-13,1401570,1401570,,
2011-05-14,1458746,1458746,,
2011-05-15,1440497,1440497,,
2011-05-16,1308408,1308408,,
2011-05-17,1349048,1349048,,
2011-05-18,1305341,1305341,,
2011-05-19,1278085,1278085,,
2011-05-20,1285005,1285005,,
2011-05-21,1255951,1255951,,
2011-05-22,1457880,1457880,,
2011-05-23,1403675,1403675,,
2011-05-24,1358536,1358536,,
2011-05-25,1398533,1398533,,
2011-05-26,1348213,1348213,,
2011-05-27,1422697,1422697,,
2011-05-28,1470813,1470813,,
2011-05-29,1461887,1461887,,
2011-05-30,1413164,1413164,,
2011-05-31,1334151,1334151,,
2011-06-01,1406046,1406046,,
2011-06-02,1305268,1305268,,
2011-06-03,1390675,1390675,,
2011-06-04,1368551,1368551,,
2011-06-05,1364103,1364103,,
2011-06-06,1182747,1182747,,
2011-06-07,1217116,1217116,,
2011-06-08,1344680,1344680,,
2011-06-09,1485534,1485534,,
2011-06-10,1340913,1340913,,
2011-06-11,1449324,1449324,,
2011-06-12,1398028,1398028,,
2011-06-13,1370664,1370664,,
2011-06-15,1399792,1399792,,
2011-06-16,1359118,1359118,,
2011-06-17,1421539,1421539,,
2011-06-18,1445388,1445388,,
2011-06-19,1327067,1327067,,
2011-06-20,1314522,1314522,,
2011-06-21,1352486,1352486,,
2011-06-22,1265616,1265616,,
2011-06-23,1282086,1282086,,
2011-06-24,1356099,1356099,,
2011-06-25,1460853,1460853,,
2011-06-26,1470069,1470069,,
2011-06-27,1382274,1382274,,
2011-06-28,1425015,1425015,,
2011-06-29,1358988,1358988,,
2011-06-30,1305371,1305371,,
2011-07-01,1312938,1312938,,
2011-07-02,1305975,1305975,,
2011-07-03,1340726,1340726,,
2011-07-04,1264082,1264082,,
2011-07-05,1325287,1325287,,
2011-07-06,1237972,1237972,,
2011-07-07,1267138,1267138,,
2011-07-08,1309909,1309909,,
2011-07-09,1351275,1351275,,
2011-07-10,1336022,1336022,,
2011-07-11,1322671,1322671,,
2011-07-12,1334079,1334079,,
2011-07-13,1223356,1223356,,
2011-07-14,1227907,1227907,,
2011-07-15,1326404,1326404,,
2011-07-16,1275560,1275560,,
2011-07-17,1308759,1308759,,
2011-07-18,1359162,1359162,,
2011-07-19,1408463,1408463,,
2011-07-20,1412928,1412928,,
2011-07-21,1335066,1335066,,
2011-07-22,1376576,1376576,,
2011-07-23,1368121,1368121,,
2011-07-24,1362657,1362657,,
2011-07-25,1343536,1343536,,
2011-07-26,1327495,1327495,,
2011-07-27,1323071,1323071,,
2011-07-28,1320888,1320888,,
2011-07-29,1428981,1428981,,
2011-07-30,1334381,1334381,,
2011-07-31,1407135,1407135,,
2011-08-01,1433546,1433546,,
2011-08-02,1402191,1402191,,
2011-08-03,1398358,1398358,,
2011-08-04,1432124,1432124,,
2011-08-05,1438893,1438893,,
2011-08-06,1467314,1467314,,
2011-08-07,1556258,1556258,,
2011-08-08,1694984,1694984,,
2011-08-09,1788115,1788115,,
2011-08-10,1545845,1545845,,
2011-08-11,1386690,1386690,,
2011-08-12,1530608,1530608,,
2011-08-13,1483941,1483941,,
2011-08-14,1599127,1599127,,
2011-08-15,1448712,1448712,,
2011-08-16,1411526,1411526,,
2011-08-17,1621029,1621029,,
2011-08-18,1490801,1490801,,
2011-08-19,1394943,1394943,,
2011-08-20,1749529,1749529,,
2011-08-21,1769430,1769430,,
2011-08-22,1521150,1521150,,
2011-08-23,1335368,1335368,,
2011-08-24,1479687,1479687,,
2011-08-25,1345791,1345791,,
2011-08-26,1316979,1316979,,
2011-08-27,1523240,1523240,,
2011-08-28,1452207,1452207,,
2011-08-29,1311948,1311948,,
2011-08-30,1404967,1404967,,
2011-08-31,1348915,1348915,,
2011-09-01,1206868,1206868,,
2011-09-02,1357803,1357803,,
2011-09-03,1376900,1376900,,
2011-09-04,1569524,1569524,,
2011-09-05,1645973,1645973,,
2011-09-06,1470098,1470098,,
2011-09-07,1521241,1521241,,
2011-09-08,1179095,1179095,,
2011-09-09,1127643,1127643,,
2011-09-10,1640154,1640154,,
2011-09-11,1515144,1515144,,
2011-09-12,1499783,1499783,,
2011-09-13,1445047,1445047,,
2011-09-14,1526309,1526309,,
2011-09-15,1332791,1332791,,
2011-09-16,1584999,1584999,,
2011-09-17,1500936,1500936,,
2011-09-18,1590494,1590494,,
2011-09-19,1592842,1592842,,
2011-09-20,1569644,1569644,,
2011-09-21,1414995,1414995,,
2011-09-22,1462952,1462952,,
2011-09-23,1518726,1518726,,
2011-09-24,1676195,1676195,,
2011-09-25,1679506,1679506,,
2011-09-26,1764726,1764726,,
2011-09-27,1213681,1213681,,
2011-09-28,1233861,1233861,,
2011-09-29,1402528,1402528,,
2011-09-30,1497433,1497433,,
2011-10-01,1761038,1761038,,
2011-10-02,1698610,1698610,,
2011-10-03,1549026,1549026,,
2011-10-04,1523917,1523917,,
2011-10-05,1766411,1766411,,
2011-10-06,1742893,1742893,,
2011-10-07,1646935,1646935,,
2011-10-08,1647639,1647639,,
2011-10-09,1789475,1789475,,
2011-10-10,1738633,1738633,,
2011-10-11,1608260,1608260,,
2011-10-12,1591829,1591829,,
2011-10-13,1562347,1562347,,
2011-10-14,1528617,1528617,,
2011-10-15,1651388,1651388,,
2011-10-16,1644096,1644096,,
2011-10-17,1686452,1686452,,
2011-10-18,1627947,1627947,,
2011-10-19,1513671,1513671,,
2011-10-20,1603511,1603511,,
2011-10-21,1673029,1673029,,
2011-10-22,1753090,1753090,,
2011-10-23,1668786,1668786,,
2011-10-24,1683137,1683137,,
2011-10-25,1594451,1594451,,
2011-10-26,1611473,1611473,,
2011-10-27,1445903,1445903,,
2011-10-28,1389222,1389222,,
2011-10-29,1653212,1653212,,
2011-10-30,1615374,1615374,,
2011-10-31,1628068,1628068,,
2011-11-01,1634556,1634556,,
2011-11-02,1575011,1575011,,
2011-11-03,1644853,1644853,,
2011-11-04,1503002,1503002,,
2011-11-05,1726187,1726187,,
2011-11-06,1666111,1666111,,
2011-11-07,1691932,1691932,,
2011-11-08,1650959,1650959,,
2011-11-09,1659760,1659760,,
2011-11-10,1534327,1534327,,
2011-11-11,1480448,1480448,,
2011-11-12,1801631,1801631,,
2011-11-13,1706734,1706734,,
2011-11-14,1739990,1739990,,
2011-11-15,1640556,1640556,,
2011-11-16,1481954,1481954,,
2011-11-17,1562722,1562722,,
2011-11-18,1501479,1501479,,
2011-11-19,1800789,1800789,,
2011-11-20,1628339,1628339,,
2011-11-21,1481509,1481509,,
2011-11-22,1520697,1520697,,
2011-11-23,1628976,1628976,,
2011-11-24,1583680,1583680,,
2011-11-25,1454658,1454658,,
2011-11-26,1684851,1684851,,
2011-11-27,1637883,1637883,,
2011-11-28,1561224,1561224,,
2011-11-29,1541675,1541675,,
2011-11-30,1702247,1702247,,
2011-12-01,1559900,1559900,,
2011-12-02,1425356,1425356,,
2011-12-03,1771766,1771766,,
2011-12-04,1650461,1650461,,
2011-12-05,1640505,1640505,,
2011-12-06,1737549,1737549,,
2011-12-07,1615765,1615765,,
2011-12-08,1674047,1674047,,
2011-12-09,1486851,1486851,,
2011-12-10,1745651,1745651,,
2011-12-11,1674000,1674000,,
2011-12-12,1608084,1608084,,
2011-12-13,1527712,1527712,,
2011-12-14,1681424,1681424,,
2011-12-15,1515391,1515391,,
2011-12-16,1425053,1425053,,
2011-12-17,1679927,1679927,,
2011-12-18,1623579,1623579,,
2011-12-19,1652111,1652111,,
2011-12-20,1599561,1599561,,
2011-12-21,1640766,1640766,,
2011-12-22,1575863,1575863,,
2011-12-27,1650289,1650289,,
2011-12-28,1723435,1723435,,
2011-12-29,1576536,1576536,,
2011-12-30,1421721,1421721,,
2011-12-31,1724417,1724417,,
2012-01-01,1735860,1735860,,
2012-01-02,1690699,1690699,,
2012-01-03,1600917,1600917,,
2012-01-04,1640601,1640601,,
2012-01-05,1589940,1589940,,
2012-01-06,1500233,1500233,,
2012-01-07,1715084,1715084,,
2012-01-08,1731200,1731200,,
2012-01-09,1716661,1716661,,
2012-01-10,1658104,1658104,,
2012-01-11,1820834,1820834,,
2012-01-12,1612026,1612026,,
2012-01-13,1636654,1636654,,
2012-01-14,1847650,1847650,,
2012-01-15,1690238,1690238,,
2012-01-16,1726742,1726742,,
2012-01-17,1634340,1634340,,
2012-01-18,1468912,1468912,,
2012-01-19,1468964,1468964,,
2012-01-20,1533456,1533456,,
2012-01-21,1739404,1739404,,
2012-01-22,1710238,1710238,,
2012-01-23,1631663,1631663,,
2012-01-24,1614126,1614126,,
2012-01-25,1796939,1796939,,
2012-01-26,1673091,1673091,,
2012-01-27,1855730,1855730,,
2012-01-28,1804705,1804705,,
2012-01-29,1759956,1759956,,
2012-01-30,1913361,1913361,,
2012-01-31,1608877,1608877,,
2012-02-01,1741522,1741522,,
2012-02-02,1629107,1629107,,
2012-02-03,1456136,1456136,,
2012-02-04,1718241,1718241,,
2012-02-05,1790020,1790020,,
2012-02-06,1678488,1678488,,
2012-02-07,1760980,1760980,,
2012-02-08,1706214,1706214,,
2012-02-09,1565490,1565490,,
2012-02-10,1563271,1563271,,
2012-02-11,1661839,1661839,,
2012-02-12,1719883,1719883,,
2012-02-13,1694389,1694389,,
2012-02-14,1672184,1672184,,
2012-02-15,1696010,1696010,,
2012-02-16,1661868,1661868,,
2012-02-17,1632052,1632052,,
2012-02-18,1876222,1876222,,
2012-02-19,1688618,1688618,,
2012-02-20,1609024,1609024,,
2012-02-21,1604801,1604801,,
2012-02-22,1749607,1749607,,
2012-02-23,1605490,1605490,,
2012-02-24,1580414,1580414,,
2012-02-25,1805103,1805103,,
2012-02-26,1741112,1741112,,
2012-02-27,1584569,1584569,,
2012-02-28,1778287,1778287,,
2012-02-29,1824459,1824459,,
2012-03-01,1848101,1848101,,
2012-03-02,1615010,1615010,,
2012-03-03,1790300,1790300,,
2012-03-04,1652584,1652584,,
2012-03-05,1555403,1555403,,
2012-03-06,1419908,1419908,,
2012-03-07,1529367,1529367,,
2012-03-08,1445361,1445361,,
2012-03-09,1644034,1644034,,
2012-03-10,1637887,1637887,,
2012-03-11,1669420,1669420,,
2012-03-12,1522777,1522777,,
2012-03-13,1572550,1572550,,
2012-03-14,1677832,1677832,,
2012-03-15,1635700,1635700,,
2012-03-16,1619178,1619178,,
2012-03-17,1709339,1709339,,
2012-03-18,1619522,1619522,,
2012-03-19,1535224,1535224,,
2012-03-20,1514093,1514093,,
2012-03-21,1468583,1468583,,
2012-03-22,1416554,1416554,,
2012-03-23,1406265,1406265,,
2012-03-24,1522863,1522863,,
2012-03-25,1541438,1541438,,
2012-03-26,1472556,1472556,,
2012-03-27,1488083,1488083,,
2012-03-28,1401594,1401594,,
2012-03-29,1407756,1407756,,
2012-03-30,1339737,1339737,,
2012-03-31,1371777,1371777,,
2012-04-01,1371860,1371860,,
2012-04-02,1345843,1345843,,
2012-04-03,1339947,1339947,,
2012-04-04,1294388,1294388,,
2012-04-05,1253665,1253665,,
2012-04-06,1123551,1123551,,
2012-04-07,1326228,1326228,,
2012-04-08,1531408,1531408,,
2012-04-09,1562042,1562042,,
2012-04-10,1489469,1489469,,
2012-04-11,1552404,1552404,,
2012-04-12,1444765,1444765,,
2012-04-13,1401652,1401652,,
2012-04-14,1610012,1610012,,
2012-04-15,1532889,1532889,,
2012-04-16,1577127,1577127,,
2012-04-17,1571684,1571684,,
2012-04-18,1704764,1704764,,
2012-04-19,1646848,1646848,,
2012-04-20,1373427,1373427,,
2012-04-21,1625621,1625621,,
2012-04-22,1634325,1634325,,
2012-04-23,1544165,1544165,,
2012-04-24,1784011,1784011,,
2012-04-25,1515563,1515563,,
2012-04-26,1375121,1375121,,
2012-04-27,1373080,1373080,,
2012-04-28,1505360,1505360,,
2012-04-29,1455706,1455706,,
2012-04-30,1493900,1493900,,
2012-05-01,1651622,1651622,,
2012-05-02,1455889,1455889,,
2012-05-03,1380028,1380028,,
2012-05-04,1394584,1394584,,
2012-05-05,1454071,1454071,,
2012-05-06,1573458,1573458,,
2012-05-07,1493810,1493810,,
2012-05-08,1548380,1548380,,
2012-05-09,1384031,1384031,,
2012-05-10,1458962,1458962,,
2012-05-11,1413698,1413698,,
2012-05-12,1516032,1516032,,
2012-05-13,1557754,1557754,,
2012-05-14,1595609,1595609,,
2012-05-15,1555974,1555974,,
2012-05-16,1442362,1442362,,
2012-05-17,1474382,1474382,,
2012-05-18,1395901,1395901,,
2012-05-19,1607674,1607674,,
2012-05-20,1566820,1566820,,
2012-05-21,1533140,1533140,,
2012-05-22,1583682,1583682,,
2012-05-23,1584855,1584855,,
2012-05-24,1549648,1549648,,
2012-05-25,1425019,1425019,,
2012-05-26,1415374,1415374,,
2012-05-27,1497747,1497747,,
2012-05-28,1723911,1723911,,
2012-05-29,1725896,1725896,,
2012-05-30,1697169,1697169,,
2012-05-31,1514614,1514614,,
2012-06-01,1474490,1474490,,
2012-06-02,1571485,1571485,,
2012-06-03,1555980,1555980,,
2012-06-04,1489678,1489678,,
2012-06-05,1561301,1561301,,
2012-06-06,1543467,1543467,,
2012-06-07,1508202,1508202,,
2012-06-08,1363933,1363933,,
2012-06-09,1524059,1524059,,
2012-06-10,1573473,1573473,,
2012-06-11,1518718,1518718,,
2012-06-12,1538006,1538006,,
2012-06-13,1424099,1424099,,
2012-06-14,1517662,1517662,,
2012-06-15,1479560,1479560,,
2012-06-16,1530092,1530092,,
2012-06-17,1479766,1479766,,
2012-06-18,1425954,1425954,,
2012-06-19,1577649,1577649,,
2012-06-20,1414729,1414729,,
2012-06-21,1440685,1440685,,
2012-06-22,1382999,1382999,,
2012-06-23,1612081,1612081,,
2012-06-24,1456725,1456725,,
2012-06-25,1550347,1550347,,
2012-06-26,1464182,1464182,,
2012-06-27,1431022,1431022,,
2012-06-28,1321955,1321955,,
2012-06-29,1321851,1321851,,
2012-06-30,1409289,1409289,,
2012-07-01,1486936,1486936,,
2012-07-02,1522443,1522443,,
2012-07-03,1421227,1421227,,
2012-07-04,1492674,1492674,,
2012-07-05,1409234,1409234,,
2012-07-06,1335920,1335920,,
2012-07-07,1408861,1408861,,
2012-07-08,1618788,1618788,,
2012-07-09,1471109,1471109,,
2012-07-10,1330945,1330945,,
2012-07-11,1467412,1467412,,
2012-07-12,1413400,1413400,,
2012-07-13,1353471,1353471,,
2012-07-14,1546762,1546762,,
2012-07-15,1560143,1560143,,
2012-07-16,1444793,1444793,,
2012-07-17,1457963,1457963,,
2012-07-18,1454820,1454820,,
2012-07-19,1318848,1318848,,
2012-07-20,1362302,1362302,,
2012-07-21,1418655,1418655,,
2012-07-22,1527940,1527940,,
2012-07-23,1415082,1415082,,
2012-07-24,1556362,1556362,,
2012-07-25,1481429,1481429,,
2012-07-26,1423402,1423402,,
2012-07-27,1430089,1430089,,
2012-07-28,1540686,1540686,,
2012-07-29,1693381,1693381,,
2012-07-30,1434145,1434145,,
2012-07-31,1416998,1416998,,
2012-08-01,1400020,1400020,,
2012-08-02,1254112,1254112,,
2012-08-03,1316046,1316046,,
2012-08-04,1403233,1403233,,
2012-08-05,1421310,1421310,,
2012-08-06,1340531,1340531,,
2012-08-07,1331269,1331269,,
2012-08-08,1308629,1308629,,
2012-08-09,1314384,1314384,,
2012-08-10,1264517,1264517,,
2012-08-11,1338690,1338690,,
2012-08-12,1466926,1466926,,
2012-08-13,1429400,1429400,,
2012-08-14,1436675,1436675,,
2012-08-15,1414675,1414675,,
2012-08-16,1289908,1289908,,
2012-08-17,1234544,1234544,,
2012-08-18,1317188,1317188,,
2012-08-19,1376665,1376665,,
2012-08-20,1348917,1348917,,
2012-08-21,1391862,1391862,,
2012-08-22,1302393,1302393,,
2012-08-23,1344577,1344577,,
2012-08-24,1269463,1269463,,
2012-08-25,1396596,1396596,,
2012-08-26,1402989,1402989,,
2012-08-27,1357716,1357716,,
2012-08-28,1418222,1418222,,
2012-08-29,1443439,1443439,,
2012-08-30,1397560,1397560,,
2012-08-31,1464262,1464262,,
2012-09-01,1631647,1631647,,
2012-09-02,1539250,1539250,,
2012-09-03,1477392,1477392,,
2012-09-04,1526815,1526815,,
2012-09-05,1574271,1574271,,
2012-09-06,1407949,1407949,,
2012-09-07,1375627,1375627,,
2012-09-08,1722834,1722834,,
2012-09-09,1557613,1557613,,
2012-09-10,1511546,1511546,,
2012-09-11,1536322,1536322,,
2012-09-12,1463368,1463368,,
2012-09-13,1476954,1476954,,
2012-09-14,1288041,1288041,,
2012-09-15,1399708,1399708,,
2012-09-16,1196452,1196452,,
2012-09-17,1327177,1327177,,
2012-09-18,1559210,1559210,,
2012-09-19,1669198,1669198,,
2012-09-20,1444267,1444267,,
2012-09-21,1456960,1456960,,
2012-09-22,1635478,1635478,,
2012-09-23,1467374,1467374,,
2012-09-24,1411479,1411479,,
2012-09-25,1307630,1307630,,
2012-09-26,1406481,1406481,,
2012-09-27,1621020,1621020,,
2012-09-28,1438437,1438437,,
2012-09-29,1560030,1560030,,
2012-09-30,1489738,1489738,,
2012-10-01,1599005,1599005,,
2012-10-02,1766999,1766999,,
2012-10-03,1681519,1681519,,
2012-10-04,1569953,1569953,,
2012-10-05,1466762,1466762,,
2012-10-06,1586644,1586644,,
2012-10-07,1565836,1565836,,
2012-10-08,1678831,1678831,,
2012-10-09,1774394,1774394,,
2012-10-10,1615543,1615543,,
2012-10-11,1476407,1476407,,
2012-10-12,1311311,1311311,,
2012-10-13,1738111,1738111,,
2012-10-14,1679461,1679461,,
2012-10-15,1676218,1676218,,
2012-10-16,1648110,1648110,,
2012-10-17,1520349,1520349,,
2012-10-18,1505407,1505407,,
2012-10-19,1409813,1409813,,
2012-10-20,1627783,1627783,,
2012-10-21,1547287,1547287,,
2012-10-22,1558879,1558879,,
2012-10-23,1580396,1580396,,
2012-10-24,1567351,1567351,,
2012-10-25,1717073,1717073,,
2012-10-26,1495273,1495273,,
2012-10-27,1865079,1865079,,
2012-10-28,1656772,1656772,,
2012-10-29,1588665,1588665,,
2012-10-30,1596653,1596653,,
2012-10-31,1613859,1613859,,
2012-11-01,1536579,1536579,,
2012-11-02,1471600,1471600,,
2012-11-03,1787394,1787394,,
2012-11-04,1690697,1690697,,
2012-11-05,1690261,1690261,,
2012-11-06,1723359,1723359,,
2012-11-07,1659015,1659015,,
2012-11-08,1655288,1655288,,
2012-11-09,1536455,1536455,,
2012-11-10,1858861,1858861,,
2012-11-11,1746511,1746511,,
2012-11-12,1766743,1766743,,
2012-11-13,1576790,1576790,,
2012-11-14,1607068,1607068,,
2012-11-15,1623051,1623051,,
2012-11-16,1535477,1535477,,
2012-11-17,1824440,1824440,,
2012-11-18,1755545,1755545,,
2012-11-19,1708283,1708283,,
2012-11-20,1672101,1672101,,
2012-11-21,1640559,1640559,,
2012-11-22,1589826,1589826,,
2012-11-23,1524486,1524486,,
2012-11-24,1742633,1742633,,
2012-11-25,1632576,1632576,,
2012-11-26,1671866,1671866,,
2012-11-27,1608496,1608496,,
2012-11-28,1626050,1626050,,
2012-11-29,1666892,1666892,,
2012-11-30,1696638,1696638,,
2012-12-01,1788579,1788579,,
2012-12-02,1737583,1737583,,
2012-12-03,1597535,1597535,,
2012-12-04,1683940,1683940,,
2012-12-05,1628308,1628308,,
2012-12-06,1583281,1583281,,
2012-12-07,1566132,1566132,,
2012-12-08,1610361,1610361,,
2012-12-09,1599242,1599242,,
2012-12-10,1692976,1692976,,
2012-12-11,1587798,1587798,,
2012-12-12,1687626,1687626,,
2012-12-13,1586952,1586952,,
2012-12-14,1457732,1457732,,
2012-12-15,1631441,1631441,,
2012-12-16,1742434,1742434,,
2012-12-17,1649789,1649789,,
2012-12-18,1746554,1746554,,
2012-12-19,1694782,1694782,,
2012-12-20,1793238,1793238,,
2012-12-21,1864140,1864140,,
2012-12-22,1847042,1847042,,
2012-12-23,1791675,1791675,,
2012-12-24,1712614,1712614,,
2012-12-25,1703352,1703352,,
2012-12-26,1777951,1777951,,
2012-12-27,1622128,1622128,,
2012-12-28,1505992,1505992,,
2012-12-29,1807412,1807412,,
2012-12-30,1758091,1758091,,
2012-12-31,1660097,1660097,,
2013-01-01,1762044,1762044,,
2013-01-02,2255922,2255922,,
2013-01-03,2227695,2227695,,
2013-01-04,1453710,1453710,,
2013-01-05,1840025,1840025,,
2013-01-06,1727420,1727420,,
2013-01-07,1844590,1844590,,
2013-01-08,1801542,1801542,,
2013-01-09,1752809,1752809,,
2013-01-10,1572508,1572508,,
2013-01-11,1533226,1533226,,
2013-01-12,1809341,1809341,,
2013-01-13,1665074,1665074,,
2013-01-14,1742806,1742806,,
2013-01-15,1748982,1748982,,
2013-01-16,1829837,1829837,,
2013-01-17,1752416,1752416,,
2013-01-18,1647144,1647144,,
2013-01-19,1892330,1892330,,
2013-01-20,1912346,1912346,,
2013-01-21,1849719,1849719,,
2013-01-22,1956601,1956601,,
2013-01-23,2013726,2013726,,
2013-01-24,1753577,1753577,,
2013-01-25,1622759,1622759,,
2013-01-26,1874896,1874896,,
2013-01-27,1945765,1945765,,
2013-01-28,1890967,1890967,,
2013-01-29,1877255,1877255,,
2013-01-30,1881395,1881395,,
2013-01-31,1729533,1729533,,
2013-02-01,1696882,1696882,,
2013-02-02,1821196,1821196,,
2013-02-03,1857510,1857510,,
2013-02-04,1928032,1928032,,
2013-02-05,1942627,1942627,,
2013-02-06,2058917,2058917,,
2013-02-07,1657285,1657285,,
2013-02-08,1501236,1501236,,
2013-02-09,1711114,1711114,,
2013-02-10,1815728,1815728,,
2013-02-11,1874288,1874288,,
2013-02-12,1881370,1881370,,
2013-02-13,1803250,1803250,,
2013-02-14,1694642,1694642,,
2013-02-15,1433108,1433108,,
2013-02-16,1777521,1777521,,
2013-02-17,1748176,1748176,,
2013-02-18,1647075,1647075,,
2013-02-19,1671201,1671201,,
2013-02-20,1493314,1493314,,
2013-02-21,1414866,1414866,,
2013-02-22,1331655,1331655,,
2013-02-23,1482713,1482713,,
2013-02-24,1481866,1481866,,
2013-02-25,1629327,1629327,,
2013-02-26,1672341,1672341,,
2013-02-27,1807458,1807458,,
2013-02-28,1577198,1577198,,
2013-03-01,1548441,1548441,,
2013-03-02,1787031,1787031,,
2013-03-03,1789642,1789642,,
2013-03-04,1813936,1813936,,
2013-03-05,1709459,1709459,,
2013-03-06,1649541,1649541,,
2013-03-07,1644461,1644461,,
2013-03-08,1792346,1792346,,
2013-03-09,2031323,2031323,,
2013-03-10,1839082,1839082,,
2013-03-11,1611020,1611020,,
2013-03-12,1573115,1573115,,
2013-03-13,1494079,1494079,,
2013-03-14,1566694,1566694,,
2013-03-15,1374491,1374491,,
2013-03-16,1584317,1584317,,
2013-03-17,1565260,1565260,,
2013-03-18,1456768,1456768,,
2013-03-19,1509095,1509095,,
2013-03-20,1481645,1481645,,
2013-03-21,1445315,1445315,,
2013-03-22,1357626,1357626,,
2013-03-23,1511288,1511288,,
2013-03-24,1539964,1539964,,
2013-03-25,1230461,1230461,,
2013-03-26,1304559,1304559,,
2013-03-27,1515043,1515043,,
2013-03-28,1522564,1522564,,
2013-03-29,1362319,1362319,,
2013-03-30,1496652,1496652,,
2013-03-31,1619965,1619965,,
2013-04-01,1611217,1611217,,
2013-04-02,1866481,1866481,,
2013-04-03,1601932,1601932,,
2013-04-04,1700077,1700077,,
2013-04-05,1548752,1548752,,
2013-04-06,1692336,1692336,,
2013-04-07,1900342,1900342,,
2013-04-08,1925760,1925760,,
2013-04-09,1650819,1650819,,
2013-04-10,1629613,1629613,,
2013-04-11,1598404,1598404,,
2013-04-12,1428383,1428383,,
2013-04-13,1741172,1741172,,
2013-04-14,1760702,1760702,,
2013-04-15,1666473,1666473,,
2013-04-16,1672778,1672778,,
2013-04-17,1742920,1742920,,
2013-04-18,1588910,1588910,,
2013-04-19,1509986,1509986,,
2013-04-20,1742798,1742798,,
2013-04-21,1687560,1687560,,
2013-04-22,1612330,1612330,,
2013-04-23,1560868,1560868,,
2013-04-24,1569992,1569992,,
2013-04-25,1606629,1606629,,
2013-04-26,1502049,1502049,,
2013-04-27,1542022,1542022,,
2013-04-28,1693186,1693186,,
2013-04-29,1790937,1790937,,
2013-04-30,1747950,1747950,,
2013-05-01,1645443,1645443,,
2013-05-02,1610103,1610103,,
2013-05-03,1432760,1432760,,
2013-05-04,1838556,1838556,,
2013-05-05,1827003,1827003,,
2013-05-06,1651018,1651018,,
2013-05-07,1668312,1668312,,
2013-05-08,1669947,1669947,,
2013-05-09,1547164,1547164,,
2013-05-10,1307531,1307531,,
2013-05-11,1515102,1515102,,
2013-05-12,1510921,1510921,,
2013-05-13,1561236,1561236,,
2013-05-14,1449600,1449600,,
2013-05-15,1491084,1491084,,
2013-05-16,1678059,1678059,,
2013-05-17,1463823,1463823,,
2013-05-18,1627490,1627490,,
2013-05-19,1781885,1781885,,
2013-05-20,1625856,1625856,,
2013-05-21,1630028,1630028,,
2013-05-22,1623420,1623420,,
2013-05-23,1601146,1601146,,
2013-05-24,1528831,1528831,,
2013-05-25,1655992,1655992,,
2013-05-26,1720415,1720415,,
2013-05-27,1724453,1724453,,
2013-05-28,1655982,1655982,,
2013-05-29,1780230,1780230,,
2013-05-30,1527066,1527066,,
2013-05-31,1498438,1498438,,
2013-06-01,1669793,1669793,,
2013-06-02,1629132,1629132,,
2013-06-03,1654153,1654153,,
2013-06-04,1767420,1767420,,
2013-06-05,1772661,1772661,,
2013-06-06,1653147,1653147,,
2013-06-07,1457700,1457700,,
2013-06-08,1602191,1602191,,
2013-06-09,1829968,1829968,,
2013-06-10,1802248,1802248,,
2013-06-11,1554179,1554179,,
2013-06-12,1511153,1511153,,
2013-06-13,1478815,1478815,,
2013-06-14,1340313,1340313,,
2013-06-15,1524740,1524740,,
2013-06-16,1551829,1551829,,
2013-06-17,1541228,1541228,,
2013-06-18,1604610,1604610,,
2013-06-19,1548540,1548540,,
2013-06-20,1454844,1454844,,
2013-06-21,1420782,1420782,,
2013-06-22,1463041,1463041,,
2013-06-23,1643584,1643584,,
2013-06-24,1777483,1777483,,
2013-06-25,1915230,1915230,,
2013-06-26,1584294,1584294,,
2013-06-27,1498960,1498960,,
2013-06-28,1410018,1410018,,
2013-06-29,1606159,1606159,,
2013-06-30,1664889,1664889,,
2013-07-01,1658781,1658781,,
2013-07-02,1639988,1639988,,
2013-07-03,1673865,1673865,,
2013-07-04,1565969,1565969,,
2013-07-05,1375162,1375162,,
2013-07-06,1651671,1651671,,
2013-07-07,1744023,1744023,,
2013-07-08,1789560,1789560,,
2013-07-09,1740424,1740424,,
2013-07-10,1692963,1692963,,
2013-07-11,1639758,1639758,,
2013-07-12,1568376,1568376,,
2013-07-13,1640294,1640294,,
2013-07-14,1832111,1832111,,
2013-07-15,1853878,1853878,,
2013-07-16,1883701,1883701,,
2013-07-17,1585798,1585798,,
2013-07-18,1653699,1653699,,
2013-07-19,1379039,1379039,,
2013-07-20,1627226,1627226,,
2013-07-21,1827262,1827262,,
2013-07-22,1808073,1808073,,
2013-07-25,1672141,1672141,,
2013-07-26,1504521,1504521,,
2013-07-27,1571595,1571595,,
2013-07-28,1623768,1623768,,
2013-07-29,1452032,1452032,,
2013-07-30,1446644,1446644,,
2013-07-31,1546017,1546017,,
2013-08-01,1540010,1540010,,
2013-08-02,1323229,1323229,,
2013-08-03,1499493,1499493,,
2013-08-04,1566010,1566010,,
2013-08-05,1578021,1578021,,
2013-08-06,1564815,1564815,,
2013-08-07,1499069,1499069,,
2013-08-08,1474871,1474871,,
2013-08-09,1393432,1393432,,
2013-08-10,1437680,1437680,,
2013-08-11,1569071,1569071,,
2013-08-12,1587665,1587665,,
2013-08-13,1410006,1410006,,
2013-08-14,1494531,1494531,,
2013-08-15,1330623,1330623,,
2013-08-16,1541284,1541284,,
2013-08-17,1597603,1597603,,
2013-08-18,1528688,1528688,,
2013-08-19,1481039,1481039,,
2013-08-20,1434899,1434899,,
2013-08-21,1663025,1663025,,
2013-08-22,1617828,1617828,,
2013-08-23,1546121,1546121,,
2013-08-24,1594386,1594386,,
2013-08-25,1561765,1561765,,
2013-08-26,1417211,1417211,,
2013-08-27,1379623,1379623,,
2013-08-28,1472067,1472067,,
2013-08-29,1601793,1601793,,
2013-08-30,1631255,1631255,,
2013-08-31,1773078,1773078,,
2013-09-01,1735199,1735199,,
2013-09-02,1347335,1347335,,
2013-09-03,1266818,1266818,,
2013-09-04,1271047,1271047,,
2013-09-05,1176202,1176202,,
2013-09-06,1310669,1310669,,
2013-09-07,1613759,1613759,,
2013-09-08,1731724,1731724,,
2013-09-09,1628547,1628547,,
2013-09-10,1595997,1595997,,
2013-09-11,1574433,1574433,,
2013-09-12,1592933,1592933,,
2013-09-13,1575428,1575428,,
2013-09-14,1692580,1692580,,
2013-09-15,1763090,1763090,,
2013-09-16,1619057,1619057,,
2013-09-17,1505955,1505955,,
2013-09-18,1420269,1420269,,
2013-09-19,1491316,1491316,,
2013-09-20,1431880,1431880,,
2013-09-21,1594086,1594086,,
2013-09-22,1602213,1602213,,
2013-09-23,1449732,1449732,,
2013-09-24,1473449,1473449,,
2013-09-25,1384984,1384984,,
2013-09-26,1510635,1510635,,
2013-09-27,1563166,1563166,,
2013-09-28,1624714,1624714,,
2013-09-29,1556203,1556203,,
2013-09-30,1471959,1471959,,
2013-10-01,1519677,1519677,,
2013-10-02,1526741,1526741,,
2013-10-03,1474390,1474390,,
2013-10-04,1337002,1337002,,
2013-10-05,1604366,1604366,,
2013-10-06,1489655,1489655,,
2013-10-07,1493883,1493883,,
2013-10-08,1488069,1488069,,
2013-10-09,1485441,1485441,,
2013-10-10,1402057,1402057,,
2013-10-11,1318777,1318777,,
2013-10-12,1586658,1586658,,
2013-10-13,1507954,1507954,,
2013-10-14,1431387,1431387,,
2013-10-15,1470134,1470134,,
2013-10-16,1463586,1463586,,
2013-10-17,1517100,1517100,,
2013-10-18,1450406,1450406,,
2013-10-19,1707223,1707223,,
2013-10-20,1621606,1621606,,
2013-10-21,1664356,1664356,,
2013-10-22,1566741,1566741,,
2013-10-23,1489647,1489647,,
2013-10-24,1429010,1429010,,
2013-10-25,1330445,1330445,,
2013-10-26,1639071,1639071,,
2013-10-27,1686722,1686722,,
2013-10-28,1534521,1534521,,
2013-10-29,1504395,1504395,,
2013-10-30,1560055,1560055,,
2013-10-31,1565402,1565402,,
2013-11-01,1560261,1560261,,
2013-11-02,1712804,1712804,,
2013-11-03,1626989,1626989,,
2013-11-04,1502618,1502618,,
2013-11-05,1468481,1468481,,
2013-11-06,1636148,1636148,,
2013-11-07,1516556,1516556,,
2013-11-08,1456695,1456695,,
2013-11-09,1726381,1726381,,
2013-11-10,1688355,1688355,,
2013-11-11,1580518,1580518,,
2013-11-12,1562770,1562770,,
2013-11-13,1536534,1536534,,
2013-11-14,1529393,1529393,,
2013-11-15,1388946,1388946,,
2013-11-16,1654342,1654342,,
2013-11-17,1589530,1589530,,
2013-11-18,1561190,1561190,,
2013-11-19,1484976,1484976,,
2013-11-20,1505645,1505645,,
2013-11-21,1419457,1419457,,
2013-11-22,1338341,1338341,,
2013-11-23,1605101,1605101,,
2013-11-24,1595657,1595657,,
2013-11-25,1540362,1540362,,
2013-11-26,1547131,1547131,,
2013-11-27,1643862,1643862,,
2013-11-28,1516000,1516000,,
2013-11-29,1457188,1457188,,
2013-11-30,1528975,1528975,,
2013-12-01,1724336,1724336,,
2013-12-02,1557938,1557938,,
2013-12-03,1599166,1599166,,
2013-12-04,1725533,1725533,,
2013-12-05,1691642,1691642,,
2013-12-06,1485723,1485723,,
2013-12-07,1744149,1744149,,
2013-12-08,1730615,1730615,,
2013-12-09,1773509,1773509,,
2013-12-10,1717873,1717873,,
2013-12-11,1725541,1725541,,
2013-12-12,1379378,1379378,,
2013-12-13,1301950,1301950,,
2013-12-14,1450407,1450407,,
2013-12-15,1517397,1517397,,
2013-12-16,1477897,1477897,,
2013-12-17,1513066,1513066,,
2013-12-18,1334258,1334258,,
2013-12-19,1336954,1336954,,
2013-12-20,1238934,1238934,,
2013-12-21,1491681,1491681,,
2013-12-22,1452619,1452619,,
2013-12-23,1443898,1443898,,
2013-12-24,1400180,1400180,,
2013-12-25,1469789,1469789,,
2013-12-26,1380090,1380090,,
2013-12-27,1243787,1243787,,
2013-12-28,1580670,1580670,,
2013-12-29,1527494,1527494,,
2013-12-30,1613835,1613835,,
2013-12-31,1564668,1564668,,
2014-01-01,1532014,1532014,,
2014-01-02,1510701,1510701,,
2014-01-03,1237655,1237655,,
2014-01-04,1545649,1545649,,
2014-01-07,1724498,1724498,,
2014-01-08,1436649,1436649,,
2014-01-09,1449138,1449138,,
2014-01-10,1276867,1276867,,
2014-01-11,1627122,1627122,,
2014-01-12,1777138,1777138,,
2014-01-13,1647054,1647054,,
2014-01-14,1503440,1503440,,
2014-01-15,1611381,1611381,,
2014-01-16,1613763,1613763,,
2014-01-17,1486979,1486979,,
2014-01-18,1693194,1693194,,
2014-01-19,1706097,1706097,,
2014-01-20,1690101,1690101,,
2014-01-21,1692032,1692032,,
2014-01-22,1682520,1682520,,
2014-01-23,1543811,1543811,,
2014-01-24,1296720,1296720,,
2014-01-25,1425390,1425390,,
2014-01-26,1555727,1555727,,
2014-01-27,1605671,1605671,,
2014-01-28,1527922,1527922,,
2014-01-29,1345728,1345728,,
2014-01-30,1410786,1410786,,
2014-01-31,1278962,1278962,,
2014-02-01,1439083,1439083,,
2014-02-02,1612910,1612910,,
2014-02-03,1615109,1615109,,
2014-02-04,1566483,1566483,,
2014-02-05,1489269,1489269,,
2014-02-06,1608099,1608099,,
2014-02-07,1431404,1431404,,
2014-02-08,1528515,1528515,,
2014-02-09,1670071,1670071,,
2014-02-10,1596899,1596899,,
2014-02-11,1757290,1757290,,
2014-02-12,1426265,1426265,,
2014-02-13,1517093,1517093,,
2014-02-14,1288517,1288517,,
2014-02-15,1534664,1534664,,
2014-02-16,1520085,1520085,,
2014-02-17,1460591,1460591,,
2014-02-18,1414461,1414461,,
2014-02-19,1389933,1389933,,
2014-02-20,1422982,1422982,,
2014-02-21,1224530,1224530,,
2014-02-22,1541981,1541981,,
2014-02-23,1562784,1562784,,
2014-02-24,1557433,1557433,,
2014-02-25,1455690,1455690,,
2014-02-26,1519412,1519412,,
2014-02-27,1474448,1474448,,
2014-02-28,1309407,1309407,,
2014-03-01,1474073,1474073,,
2014-03-02,1494301,1494301,,
2014-03-03,1412187,1412187,,
2014-03-04,1402011,1402011,,
2014-03-05,1348718,1348718,,
2014-03-06,1294824,1294824,,
2014-03-07,1381650,1381650,,
2014-03-08,1666062,1666062,,
2014-03-09,1512029,1512029,,
2014-03-10,1433615,1433615,,
2014-03-11,1601447,1601447,,
2014-03-12,1511751,1511751,,
2014-03-13,1382409,1382409,,
2014-03-14,1256201,1256201,,
2014-03-15,1471634,1471634,,
2014-03-16,1631442,1631442,,
2014-03-17,1402146,1402146,,
2014-03-18,1263148,1263148,,
2014-03-19,1512340,1512340,,
2014-03-20,1645030,1645030,,
2014-03-21,1433371,1433371,,
2014-03-22,1524856,1524856,,
2014-03-23,1822856,1822856,,
2014-03-24,1615452,1615452,,
2014-03-25,1391840,1391840,,
2014-03-26,1447291,1447291,,
2014-03-27,1449458,1449458,,
2014-03-28,1290100,1290100,,
2014-03-29,1358257,1358257,,
2014-03-30,1470995,1470995,,
2014-03-31,1602805,1602805,,
2014-04-01,1890588,1890588,,
2014-04-02,1587919,1587919,,
2014-04-03,1551451,1551451,,
2014-04-04,1403315,1403315,,
2014-04-05,1403019,1403019,,
2014-04-06,1773195,1773195,,
2014-04-07,1633645,1633645,,
2014-04-08,1641425,1641425,,
2014-04-09,1689488,1689488,,
2014-04-10,1546967,1546967,,
2014-04-11,1467515,1467515,,
2014-04-12,1633346,1633346,,
2014-04-13,1663572,1663572,,
2014-04-14,1363060,1363060,,
2014-04-15,1508886,1508886,,
2014-04-16,1689842,1689842,,
2014-04-17,1595736,1595736,,
2014-04-18,1421620,1421620,,
2014-04-19,1639774,1639774,,
2014-04-20,1784761,1784761,,
2014-04-21,1638676,1638676,,
2014-04-22,1927822,1927822,,
2014-04-23,1604081,1604081,,
2014-04-24,1748559,1748559,,
2014-04-25,1632610,1632610,,
2014-04-26,1580629,1580629,,
2014-04-27,1830869,1830869,,
2014-04-28,1873754,1873754,,
2014-04-29,1552302,1552302,,
2014-04-30,1446486,1446486,,
2014-05-01,1560813,1560813,,
2014-05-02,1404806,1404806,,
2014-05-03,2056336,2056336,,
2014-05-04,1678541,1678541,,
2014-05-05,1656269,1656269,,
2014-05-06,1864106,1864106,,
2014-05-07,1650519,1650519,,
2014-05-08,1566189,1566189,,
2014-05-09,1226031,1226031,,
2014-05-10,1356233,1356233,,
2014-05-11,1362120,1362120,,
2014-05-12,1406774,1406774,,
2014-05-13,1576636,1576636,,
2014-05-14,1617965,1617965,,
2014-05-15,1249122,1249122,,
2014-05-16,1188693,1188693,,
2014-05-17,1264104,1264104,,
2014-05-18,1426577,1426577,,
2014-05-19,1605655,1605655,,
2014-05-20,1530428,1530428,,
2014-05-21,1379690,1379690,,
2014-05-22,1275959,1275959,,
2014-05-23,1177607,1177607,,
2014-05-24,1423671,1423671,,
2014-05-25,1461564,1461564,,
2014-05-26,1458710,1458710,,
2014-05-27,1500853,1500853,,
2014-05-28,1564389,1564389,,
2014-05-29,1532218,1532218,,
2014-05-30,1396177,1396177,,
2014-05-31,1381867,1381867,,
2014-06-01,1464142,1464142,,
2014-06-02,1428219,1428219,,
2014-06-03,1402591,1402591,,
2014-06-04,1402189,1402189,,
2014-06-05,1464362,1464362,,
2014-06-06,1451441,1451441,,
2014-06-07,1487622,1487622,,
2014-06-08,2368666,2368666,,
2014-06-09,1932374,1932374,,
2014-06-10,2152724,2152724,,
2014-06-11,1539762,1539762,,
2014-06-12,1493588,1493588,,
2014-06-13,1352632,1352632,,
2014-06-14,1583936,1583936,,
2014-06-15,1635023,1635023,,
2014-06-16,1556808,1556808,,
2014-06-17,1500973,1500973,,
2014-06-18,1675323,1675323,,
2014-06-19,1501468,1501468,,
2014-06-20,1374354,1374354,,
2014-06-21,1372622,1372622,,
2014-06-22,1428629,1428629,,
2014-06-23,1558644,1558644,,
2014-06-24,1555774,1555774,,
2014-06-25,1662818,1662818,,
2014-06-26,1429917,1429917,,
2014-06-27,1319676,1319676,,
2014-06-28,1418799,1418799,,
2014-06-29,1557713,1557713,,
2014-06-30,1361311,1361311,,
2014-07-01,1280995,1280995,,
2014-07-02,1359430,1359430,,
2014-07-03,1423216,1423216,,
2014-07-04,1381301,1381301,,
2014-07-05,1557720,1557720,,
2014-07-06,1535457,1535457,,
2014-07-07,1503148,1503148,,
2014-07-08,1649450,1649450,,
2014-07-09,1618253,1618253,,
2014-07-10,1718824,1718824,,
2014-07-11,1704254,1704254,,
2014-07-12,1447444,1447444,,
2014-07-13,1498795,1498795,,
2014-07-14,1666311,1666311,,
2014-07-15,1723794,1723794,,
2014-07-16,1634712,1634712,,
2014-07-17,1457539,1457539,,
2014-07-18,1376297,1376297,,
2014-07-19,1484090,1484090,,
2014-07-20,1879026,1879026,,
2014-07-21,1718389,1718389,,
2014-07-22,1840878,1840878,,
2014-07-23,1714941,1714941,,
2014-07-24,1671161,1671161,,
2014-07-25,1559788,1559788,,
2014-07-26,1569645,1569645,,
2014-07-27,1775706,1775706,,
2014-07-28,1729477,1729477,,
2014-07-29,1448529,1448529,,
2014-07-30,1502870,1502870,,
2014-07-31,1668309,1668309,,
2014-08-01,1495371,1495371,,
2014-08-02,1599035,1599035,,
2014-08-03,1539707,1539707,,
2014-08-04,1561440,1561440,,
2014-08-05,1580098,1580098,,
2014-08-06,1426818,1426818,,
2014-08-07,1454943,1454943,,
2014-08-08,1265830,1265830,,
2014-08-09,1433794,1433794,,
2014-08-10,1739260,1739260,,
2014-08-11,1829822,1829822,,
2014-08-12,1886514,1886514,,
2014-08-13,1524233,1524233,,
2014-08-14,1545152,1545152,,
2014-08-15,1580625,1580625,,
2014-08-16,1602622,1602622,,
2014-08-17,1599484,1599484,,
2014-08-18,1596806,1596806,,
2014-08-19,1403971,1403971,,
2014-08-20,1489439,1489439,,
2014-08-21,1417183,1417183,,
2014-08-22,1520206,1520206,,
2014-08-23,1490848,1490848,,
2014-08-29,1411028,1411028,,
2014-08-30,1652670,1652670,,
2014-08-31,1712932,1712932,,
2014-09-01,1840480,1840480,,
2014-09-02,2004986,2004986,,
2014-09-03,1894806,1894806,,
2014-09-04,1743492,1743492,,
2014-09-05,1542976,1542976,,
2014-09-06,1497514,1497514,,
2014-09-07,1538601,1538601,,
2014-09-08,1535671,1535671,,
2014-09-09,1543189,1543189,,
2014-09-10,1498234,1498234,,
2014-09-11,1511016,1511016,,
2014-09-12,1394794,1394794,,
2014-09-13,1320356,1320356,,
2014-09-14,1592490,1592490,,
2014-09-15,1446085,1446085,,
2014-09-16,1322455,1322455,,
2014-09-17,1324385,1324385,,
2014-09-18,1271049,1271049,,
2014-09-19,1245141,1245141,,
2014-09-20,1303091,1303091,,
2014-09-21,1469490,1469490,,
2014-09-22,1357898,1357898,,
2014-09-23,1874403,1369904,504086,413
2014-09-24,1757628,1229936,527213,479
2014-09-25,1916518,1319108,597116,294
2014-09-26,2001136,1353001,647580,555
2014-09-27,2163361,1451923,711200,238
2014-09-28,2171295,1545849,625261,185
2014-09-29,2041034,1443214,597595,225
2014-09-30,1969784,1397125,572499,160
2014-10-01,1938062,1353031,584878,153
2014-10-02,1833442,1292704,540624,114
2014-10-03,1684849,1140345,544350,154
2014-10-04,1820211,1235945,584129,137
2014-10-05,2185659,1578885,606639,135
2014-10-06,1905644,1332199,572152,1293
2014-10-07,1727065,1202075,524811,179
2014-10-08,1662413,1085873,576348,192
2014-10-09,1767881,1126618,641090,173
2014-10-10,1844927,1199211,645490,226
2014-10-11,2058683,1381433,677079,171
2014-10-12,1990631,1327124,663263,244
2014-10-13,1979848,1320150,659499,199
2014-10-14,2024004,1375389,648459,156
2014-10-15,1903250,1203234,699852,164
2014-10-16,1864043,1173399,689898,746
2014-10-17,1872349,1206072,666143,134
2014-10-18,1997398,1262951,734431,16
2014-10-19,1897311,1295209,602094,8
2014-10-20,1812363,1240326,572019,18
2014-10-21,1754851,1163686,590988,177
2014-10-22,1841916,1238892,602928,96
2014-10-23,1725100,1147390,577660,50
2014-10-24,1937442,1288825,648534,83
2014-10-25,2147623,1429481,718047,95
2014-10-26,1931501,1302993,628429,79
2014-10-27,1939928,1250986,688872,70
2014-10-28,1898847,1284873,613861,113
2014-10-29,1968227,1351176,616938,113
2014-10-30,1871218,1250076,621048,94
2014-10-31,1704146,1088747,615293,106
2014-11-01,2071591,1355395,716131,65
2014-11-02,1778323,1202089,576145,89
2014-11-03,1981122,1367555,613463,104
2014-11-04,1993688,1376922,616678,88
2014-11-05,1994287,1397448,596619,220
2014-11-06,1975461,1373527,601731,203
2014-11-07,1823332,1224468,598754,110
2014-11-08,2189735,1505047,684489,199
2014-11-09,1858598,1231048,627349,201
2014-11-10,1948814,1354097,594571,146
2014-11-11,1891982,1292762,599026,194
2014-11-12,1948671,1354137,594301,233
2014-11-13,1900461,1288402,611920,139
2014-11-14,1735614,1132722,602744,148
2014-11-15,2243621,1490983,752506,132
2014-11-16,2061728,1395608,666014,106
2014-11-17,1839596,1214573,624918,105
2014-11-18,1836210,1219936,616159,115
2014-11-19,1890513,1265338,625050,125
2014-11-20,1851579,1247963,603514,102
2014-11-21,1869252,1228759,640358,135
2014-11-22,2188856,1451012,737738,106
2014-11-23,1983162,1373091,609978,93
2014-11-24,1959467,1376665,582728,74
2014-11-25,1920620,1315472,605007,141
2014-11-26,1852779,1254217,598448,114
2014-11-27,1830493,1238987,591372,134
2014-11-28,1802924,1188336,614501,87
2014-11-29,2158491,1431626,726776,89
2014-11-30,2125598,1448866,676619,113
2014-12-01,1914738,1285111,629516,111
2014-12-02,1928039,1294767,633183,89
2014-12-03,2095396,1438287,657005,104
2014-12-04,1887074,1265378,621547,149
2014-12-05,1980843,1287506,693227,110
2014-12-06,2113109,1400318,712650,141
2014-12-07,2195435,1534643,660644,148
2014-12-08,2031029,1387886,643020,123
2014-12-09,2103440,1447207,656096,137
2014-12-10,2036513,1439343,597031,139
2014-12-11,1805973,1212653,593217,103
2014-12-12,1871888,1242378,629337,173
2014-12-13,2153077,1457444,695510,123
2014-12-14,1994150,1382703,611350,97
2014-12-15,2137047,1509637,627260,150
2014-12-16,1983088,1381039,601882,167
2014-12-17,2021669,1434878,586670,121
2014-12-18,1997239,1431699,565405,135
2014-12-19,1820411,1175828,644421,162
2014-12-20,2009279,1333330,675829,120
2014-12-21,1946920,1327133,619598,189
2014-12-22,2081612,1440549,640891,172
2014-12-23,2017380,1399676,617587,117
2014-12-24,2041875,1418865,622837,173
2014-12-25,1881350,1266058,615175,117
2014-12-26,2101053,1452404,648519,130
2014-12-27,2110985,1399429,711436,120
2014-12-28,2001053,1349380,651496,177
2014-12-29,1913345,1282952,630253,140
2014-12-30,2120326,1519737,600386,203
2014-12-31,1885327,1267648,617523,156
2015-01-01,2163445,1535922,627395,128
2015-01-02,1724543,1060808,663569,166
2015-01-03,2105570,1371293,734168,109
2015-01-04,1986148,1315412,670599,137
2015-01-05,2035469,1424913,610374,182
2015-01-06,2067028,1443115,623745,168
2015-01-07,2097033,1464768,632127,138
2015-01-08,2020989,1399125,621724,140
2015-01-09,1859655,1188507,670977,171
2015-01-10,1974783,1253790,720837,156
2015-01-11,1901622,1259954,641524,144
2015-01-12,1928259,1321371,606732,156
2015-01-13,1928984,1315146,613654,184
2015-01-14,2348762,1721105,627397,260
2015-01-15,2075370,1456646,618587,137
2015-01-16,2181312,1460319,720844,149
2015-01-17,2236859,1354859,881847,153
2015-01-18,2013178,1246077,766947,154
2015-01-19,2042659,1328913,713599,147
2015-01-20,1904872,1232241,672470,161
2015-01-21,1962385,1240278,721966,141
2015-01-22,1792338,1131470,660756,112
2015-01-23,1905366,1145206,760045,115
2015-01-24,1990647,1158077,832474,96
2015-01-25,2167149,1387934,779115,100
2015-01-26,2223674,1470983,752558,133
2015-01-27,1929077,1270573,658400,104
2015-01-28,1728923,1090802,638020,101
2015-01-29,2129178,1515281,613772,125
2015-01-30,1742694,1121121,621458,115
2015-01-31,1878438,1174793,703531,114
2015-02-01,2019741,1368244,651406,91
2015-02-02,1843728,1195219,648406,103
2015-02-03,1946851,1292940,653760,151
2015-02-04,1860958,1252460,608393,105
2015-02-05,1808184,1180425,627681,78
2015-02-06,1827033,1134638,692279,116
2015-02-07,2069140,1273981,795027,132
2015-02-08,1966379,1261909,704342,128
2015-02-09,1945684,1268173,677400,111
2015-02-10,2054596,1363273,691168,155
2015-02-11,2062555,1381782,680671,102
2015-02-12,1914516,1252797,661609,110
2015-02-13,1787414,1062535,724768,111
2015-02-14,2263350,1469270,793965,115
2015-02-15,2074628,1333704,740835,89
2015-02-16,1967787,1238344,729303,140
2015-02-17,2012536,1320810,691590,136
2015-02-18,2032195,1306142,725946,107
2015-02-19,2009425,1305299,704056,70
2015-02-20,1829590,1087574,741904,112
2015-02-21,2135896,1336584,799173,139
2015-02-22,2034954,1347491,687399,64
2015-02-23,1906859,1256740,649967,152
2015-02-24,2139483,1408086,731304,93
2015-02-25,2003221,1329030,674059,132
2015-02-26,1663673,1093785,569756,132
2015-02-27,1678868,1017771,660957,140
2015-02-28,1920610,1166247,754247,116
2015-03-01,1872942,1218604,654174,164
2015-03-02,1871714,1251715,619851,148
2015-03-03,1640714,1074116,566514,84
2015-03-04,1720211,1118846,601219,146
2015-03-05,1672130,1093645,578347,138
2015-03-06,1790487,1130812,659561,114
2015-03-07,2076285,1317606,758553,126
2015-03-08,2069108,1377299,691708,101
2015-03-09,2005251,1340411,664676,164
2015-03-10,2003499,1327683,675718,98
2015-03-11,1879546,1222055,657412,79
2015-03-12,1810023,1165315,644619,89
2015-03-13,1881664,1186030,695544,90
2015-03-14,1841990,1097181,744706,103
2015-03-15,1873937,1178078,695788,71
2015-03-16,1994920,1328300,666539,81
2015-03-17,2087590,1253036,834446,108
2015-03-18,2021087,1321855,699151,81
2015-03-19,1775900,1118965,656852,83
2015-03-20,1655881,998314,657473,94
2015-03-21,2015541,1271229,744245,67
2015-03-22,2015802,1309286,706460,56
2015-03-23,1937550,1292547,644914,89
2015-03-24,1814310,1180829,633389,92
2015-03-25,1810251,1179923,630216,112
2015-03-26,1949255,1278393,670759,103
2015-03-27,1742317,1068545,673703,69
2015-03-28,1863461,1088331,774986,144
2015-03-29,2000467,1311859,688544,64
2015-03-30,2033584,1357099,676341,144
2015-03-31,1947366,1262309,684899,158
2015-04-01,1799700,1129605,670003,92
2015-04-02,1772766,1123006,649585,175
2015-04-03,1625883,918781,706925,177
2015-04-04,1787115,1008565,778454,96
2015-04-05,1821933,1041742,780013,178
2015-04-06,1873538,1134851,738559,128
2015-04-07,2021026,1259410,761515,101
2015-04-08,1958387,1213457,744846,84
2015-04-09,2012441,1182037,830227,177
2015-04-10,2090070,1237870,852070,130
2015-04-11,2329096,1439450,889506,140
2015-04-12,2290044,1494173,795744,127
2015-04-13,2180490,1401101,779296,93
2015-04-14,2249294,1451653,797497,144
2015-04-15,2779776,1880055,899659,62
2015-04-16,2810872,1939708,871035,129
2015-04-17,2061471,1247828,813521,122
2015-04-18,2147515,1279357,868002,156
2015-04-19,2210769,1436128,774542,99
2015-04-20,2122110,1375139,746819,152
2015-04-21,2582377,1594011,988238,128
2015-04-22,2391396,1482369,908920,107
2015-04-23,2334195,1423304,910776,115
2015-04-24,2253044,1412743,840122,179
2015-04-25,2311457,1456410,854847,200
2015-04-26,2402832,1639398,763288,146
2015-04-27,2177136,1469785,707135,216
2015-04-28,2122925,1445809,676902,214
2015-04-29,2076976,1386090,690624,262
2015-04-30,1907373,1249404,657731,238
2015-05-01,1922767,1194500,728081,186
2015-05-02,2138983,1315448,823252,283
